{"directed": false, "multigraph": false, "graph": [], "nodes": [{"boundary_node": true, "boundary_perim": 0.9886689725126461, "area": 0.2152925177699996, "STATEFP20": "10", "COUNTYFP20": "001", "COUNTYNS20": "00217271", "GEOID20": "10001", "NAME20": "Kent", "NAMELSAD20": "Kent County", "LSAD20": "06", "CLASSFP20": "H1", "MTFCC20": "G4020", "CSAFP20": "428", "CBSAFP20": "20100", "METDIVFP20": null, "FUNCSTAT20": "A", "ALAND20": 1517891095, "AWATER20": 549776917, "INTPTLAT20": "+39.0970884", "INTPTLON20": "-075.5029819", "FILEID": "PLST", "STUSAB": "DE", "SUMLEV": "050", "GEOVAR": "00", "GEOCOMP": "00", "CHARITER": "000", "LOGRECNO": "0000002", "GEOID": "0500000US10001", "GEOCODE": "10001", "REGION": "3", "DIVISION": "5", "STATE": "10", "STATENS": "01779781", "COUNTY": "001", "COUNTYCC": "H1", "COUNTYNS": "00217271", "CBSA": "20100", "MEMI": "1", "CSA": "428", "METDIV": "99999", "AREALAND": 1517891095, "AREAWATR": 549776917, "BASENAME": "Kent", "NAME": "Kent County", "FUNCSTAT": "A", "POP100": 181851, "HU100": 72708, "INTPTLAT": "+39.0970884", "INTPTLON": "-075.5029819", "LSADC": "06", "P0010001": 181851, "P0010002": 166044, "P0010003": 107685, "P0010004": 46998, "P0010005": 1149, "P0010006": 4429, "P0010007": 125, "P0010008": 5658, "P0010009": 15807, "P0010010": 14488, "P0010011": 3867, "P0010012": 2603, "P0010013": 1197, "P0010014": 78, "P0010015": 4584, "P0010016": 703, "P0010017": 271, "P0010018": 46, "P0010019": 895, "P0010020": 13, "P0010021": 0, "P0010022": 78, "P0010023": 47, "P0010024": 81, "P0010025": 25, "P0010026": 1165, "P0010027": 508, "P0010028": 137, "P0010029": 12, "P0010030": 240, "P0010031": 41, "P0010032": 3, "P0010033": 89, "P0010034": 44, "P0010035": 22, "P0010036": 1, "P0010037": 31, "P0010038": 1, "P0010039": 17, "P0010040": 17, "P0010041": 0, "P0010042": 0, "P0010043": 0, "P0010044": 0, "P0010045": 0, "P0010046": 2, "P0010047": 146, "P0010048": 36, "P0010049": 4, "P0010050": 75, "P0010051": 8, "P0010052": 5, "P0010053": 8, "P0010054": 2, "P0010055": 2, "P0010056": 0, "P0010057": 2, "P0010058": 0, "P0010059": 0, "P0010060": 0, "P0010061": 4, "P0010062": 0, "P0010063": 8, "P0010064": 1, "P0010065": 6, "P0010066": 0, "P0010067": 1, "P0010068": 0, "P0010069": 0, "P0010070": 0, "P0010071": 0, "P0020001": 181851, "P0020002": 13981, "P0020003": 167870, "P0020004": 156943, "P0020005": 104845, "P0020006": 45737, "P0020007": 864, "P0020008": 4362, "P0020009": 107, "P0020010": 1028, "P0020011": 10927, "P0020012": 10104, "P0020013": 3609, "P0020014": 2448, "P0020015": 1160, "P0020016": 75, "P0020017": 1357, "P0020018": 633, "P0020019": 249, "P0020020": 42, "P0020021": 409, "P0020022": 13, "P0020023": 0, "P0020024": 14, "P0020025": 46, "P0020026": 41, "P0020027": 8, "P0020028": 772, "P0020029": 440, "P0020030": 115, "P0020031": 9, "P0020032": 62, "P0020033": 41, "P0020034": 3, "P0020035": 17, "P0020036": 42, "P0020037": 8, "P0020038": 1, "P0020039": 20, "P0020040": 1, "P0020041": 0, "P0020042": 11, "P0020043": 0, "P0020044": 0, "P0020045": 0, "P0020046": 0, "P0020047": 0, "P0020048": 2, "P0020049": 46, "P0020050": 18, "P0020051": 4, "P0020052": 12, "P0020053": 5, "P0020054": 1, "P0020055": 2, "P0020056": 1, "P0020057": 0, "P0020058": 0, "P0020059": 0, "P0020060": 0, "P0020061": 0, "P0020062": 0, "P0020063": 3, "P0020064": 0, "P0020065": 5, "P0020066": 1, "P0020067": 3, "P0020068": 0, "P0020069": 1, "P0020070": 0, "P0020071": 0, "P0020072": 0, "P0020073": 0, "P0030001": 139805, "P0030002": 130245, "P0030003": 86712, "P0030004": 34986, "P0030005": 922, "P0030006": 3606, "P0030007": 98, "P0030008": 3921, "P0030009": 9560, "P0030010": 8891, "P0030011": 1597, "P0030012": 1938, "P0030013": 626, "P0030014": 48, "P0030015": 3228, "P0030016": 525, "P0030017": 156, "P0030018": 33, "P0030019": 574, "P0030020": 13, "P0030021": 0, "P0030022": 54, "P0030023": 39, "P0030024": 40, "P0030025": 20, "P0030026": 580, "P0030027": 279, "P0030028": 40, "P0030029": 6, "P0030030": 97, "P0030031": 21, "P0030032": 3, "P0030033": 63, "P0030034": 19, "P0030035": 13, "P0030036": 0, "P0030037": 19, "P0030038": 0, "P0030039": 10, "P0030040": 8, "P0030041": 0, "P0030042": 0, "P0030043": 0, "P0030044": 0, "P0030045": 0, "P0030046": 2, "P0030047": 85, "P0030048": 16, "P0030049": 4, "P0030050": 43, "P0030051": 5, "P0030052": 4, "P0030053": 7, "P0030054": 2, "P0030055": 1, "P0030056": 0, "P0030057": 2, "P0030058": 0, "P0030059": 0, "P0030060": 0, "P0030061": 1, "P0030062": 0, "P0030063": 4, "P0030064": 0, "P0030065": 3, "P0030066": 0, "P0030067": 1, "P0030068": 0, "P0030069": 0, "P0030070": 0, "P0030071": 0, "P0040001": 139805, "P0040002": 8961, "P0040003": 130844, "P0040004": 124306, "P0040005": 84938, "P0040006": 34343, "P0040007": 721, "P0040008": 3565, "P0040009": 83, "P0040010": 656, "P0040011": 6538, "P0040012": 6091, "P0040013": 1514, "P0040014": 1854, "P0040015": 611, "P0040016": 45, "P0040017": 1017, "P0040018": 495, "P0040019": 148, "P0040020": 29, "P0040021": 288, "P0040022": 13, "P0040023": 0, "P0040024": 11, "P0040025": 38, "P0040026": 20, "P0040027": 8, "P0040028": 412, "P0040029": 251, "P0040030": 40, "P0040031": 6, "P0040032": 34, "P0040033": 21, "P0040034": 3, "P0040035": 12, "P0040036": 17, "P0040037": 8, "P0040038": 0, "P0040039": 13, "P0040040": 0, "P0040041": 0, "P0040042": 5, "P0040043": 0, "P0040044": 0, "P0040045": 0, "P0040046": 0, "P0040047": 0, "P0040048": 2, "P0040049": 33, "P0040050": 9, "P0040051": 4, "P0040052": 12, "P0040053": 5, "P0040054": 0, "P0040055": 1, "P0040056": 1, "P0040057": 0, "P0040058": 0, "P0040059": 0, "P0040060": 0, "P0040061": 0, "P0040062": 0, "P0040063": 1, "P0040064": 0, "P0040065": 2, "P0040066": 0, "P0040067": 1, "P0040068": 0, "P0040069": 1, "P0040070": 0, "P0040071": 0, "P0040072": 0, "P0040073": 0, "H0010001": 72708, "H0010002": 68290, "H0010003": 4418, "P0050001": 4081, "P0050002": 979, "P0050003": 111, "P0050004": 42, "P0050005": 764, "P0050006": 62, "P0050007": 3102, "P0050008": 2813, "P0050009": 93, "P0050010": 196, "id": 0}, {"boundary_node": true, "boundary_perim": 1.4812902505824792, "area": 0.1341359235829993, "STATEFP20": "10", "COUNTYFP20": "003", "COUNTYNS20": "00217270", "GEOID20": "10003", "NAME20": "New Castle", "NAMELSAD20": "New Castle County", "LSAD20": "06", "CLASSFP20": "H1", "MTFCC20": "G4020", "CSAFP20": "428", "CBSAFP20": "37980", "METDIVFP20": "48864", "FUNCSTAT20": "A", "ALAND20": 1104206946, "AWATER20": 175316802, "INTPTLAT20": "+39.5759152", "INTPTLON20": "-075.6441324", "FILEID": "PLST", "STUSAB": "DE", "SUMLEV": "050", "GEOVAR": "00", "GEOCOMP": "00", "CHARITER": "000", "LOGRECNO": "0000003", "GEOID": "0500000US10003", "GEOCODE": "10003", "REGION": "3", "DIVISION": "5", "STATE": "10", "STATENS": "01779781", "COUNTY": "003", "COUNTYCC": "H1", "COUNTYNS": "00217270", "CBSA": "37980", "MEMI": "1", "CSA": "428", "METDIV": "48864", "AREALAND": 1104206946, "AREAWATR": 175316802, "BASENAME": "New Castle", "NAME": "New Castle County", "FUNCSTAT": "A", "POP100": 570719, "HU100": 233747, "INTPTLAT": "+39.5759152", "INTPTLON": "-075.6441324", "LSADC": "06", "P0010001": 570719, "P0010002": 527020, "P0010003": 314231, "P0010004": 146544, "P0010005": 2156, "P0010006": 35200, "P0010007": 175, "P0010008": 28714, "P0010009": 43699, "P0010010": 40782, "P0010011": 7957, "P0010012": 4321, "P0010013": 3458, "P0010014": 148, "P0010015": 19467, "P0010016": 1561, "P0010017": 560, "P0010018": 80, "P0010019": 2481, "P0010020": 70, "P0010021": 0, "P0010022": 355, "P0010023": 74, "P0010024": 186, "P0010025": 64, "P0010026": 2587, "P0010027": 984, "P0010028": 253, "P0010029": 9, "P0010030": 510, "P0010031": 98, "P0010032": 16, "P0010033": 343, "P0010034": 84, "P0010035": 101, "P0010036": 26, "P0010037": 37, "P0010038": 23, "P0010039": 70, "P0010040": 5, "P0010041": 10, "P0010042": 2, "P0010043": 4, "P0010044": 4, "P0010045": 0, "P0010046": 8, "P0010047": 299, "P0010048": 62, "P0010049": 4, "P0010050": 177, "P0010051": 9, "P0010052": 19, "P0010053": 2, "P0010054": 7, "P0010055": 7, "P0010056": 0, "P0010057": 2,